,date,title,secondarycategory,subcategories,archive
80,1530-11-30,"Heidenn, Bättler.",Fahrende Leute,Ausweisung; Differenzierung; Fremde; Einheimische,"StAB, A I 479, fol. 183v-184v"
81,1530-11-30,"Heidenn, Bättler.",Zigeuner,Festnahme; Aufenthalt; Verbot; Ausweisung; Diebstahl,"StAB, A I 479, fol. 183v-184v"
217,1566-05-27,"Von wegen der Widertöuffern, die nitt zu Landsgemeinden khommen.",Fahrende Leute,Täufer; Festnahme,"StAB, A I 480, S. 95-100"
219,1566-07-08,Verpott der Kilchwychinen.,Fahrende Leute,Landstreicher,"StAB, A I 480, S. 5 f."
266,1571-04-01,"Ussschryben wider frömbde landstrychende Bättler, insonders die Savoyer.",Fahrende Leute,Einreiseverbot; Festnahme; Grenzkontrolle; Landesverweisung; Paßkontrolle,"StAB, A I 480, S. 103 f."
272,1571-04-25,Gewalt der hievorgesatzten Provosenn.,Fahrende Leute,Einreiseverbot; Landesverweisung; Streifen; Überprüfung Fremder; Bettelverbot; Aufenthalt; Verbot; Bedingungen; Einschränkung; Differenzierung; Fremde; Einheimische; Unterstützung; Festnahme; Hausierer; Begleitpersonen; Grenzkontrolle,"StAB, A I 480, S. 105-115"
273,1571-04-25,Gewalt der hievorgesatzten Provosenn.,Zigeuner,Einreiseverbot; Grenzkontrolle; Festnahme; Aufenthalt; Verbot; Bedingungen; Einschränkung,"StAB, A I 480, S. 105-115"
275,1571-04-25,"Bättler, Landtstrycher, Hayden, Ziginer, Siechen, Krämer, Krätzenntrager.",Fahrende Leute,Paßkontrolle; Einreiseverbot; Festnahme; Streifen; Aufenthalt; Verbot; Bedingungen; Einschränkung; Krämer; Aussätzige,"StAB, A I 480, S. 125-128"
276,1571-04-25,"Bättler, Landtstrycher, Hayden, Ziginer, Siechen, Krämer, Krätzenntrager.",Zigeuner,Paßkontrolle; Einreiseverbot; Festnahme; Streifen; Aufenthalt; Verbot; Bedingungen; Einschränkung; Krämer; Aussätzige,"StAB, A I 480, S. 125-128"
303,1572-01-02,Vonn der Bättlern und Spenden wegen.,Fahrende Leute,Differenzierung; Fremde; Einheimische; Landesverweisung; Festnahme,"StAB, A I 480, S. 183 f."
318,1572-05-05,Die starcken wolmogenden Bättler und Landstrycher in- unnd an das Volterseil zelegen.,Fahrende Leute,Festnahme,"StAB, A I 480, S. 131"
340,1573-01-28,"Musterung der Bättlerenn unnd Landtstrychern, unnd wie sy ersucht werden söllend.",Fahrende Leute,Festnahme; Paßkontrolle; Einreiseverbot; Aufenthalt; Verbot; Landesverweisung; Grenzkontrolle; Differenzierung; Fremde; Einheimische,"StAB, A I 480, S. 135 f."
341,1573-01-28,"Die Bättler an den Pässen zehinder halten, hinder sich zewysen, unnd wie die Krancken söllend gevertiget und gehalten werden.",Fahrende Leute,Festnahme; Einreiseverbot; Landesverweisung; Pässe; Paßkontrolle; Streifen,"StAB, A I 480, S. 132-134"
345,1573-03-26,Aber von der Bättleren Vechtung wägen.,Fahrende Leute,Differenzierung; Fremde; Einheimische; Landesverweisung,"StAB, A I 480, S. 137 f."
454,1590-11-23,Blanckhen oder Glückhäffen halb Abstellung.,Fahrende Leute,Krämer; Landesverweisung,"StAB, A I 480, S. 468"
487,1592-09-05,Verwysung unnd Straff der gmeinen Mätzen ouch Abstellung der Sennen Kilwinen. Appendix ann die Amptlüth des Oberlandts unnd Emmenthals.,Fahrende Leute,Prostituierte,"StAB, A I 480, S. 474-477"
509,1593-04-07,Von Abstellung wegen der Gouggleren Spillütten unnd Glückhäffen Uffrichter.,Fahrende Leute,Differenzierung; Fremde; Einheimische; Festnahme; Landesverweisung; Spielleute; Gaukler,"StAB, A I 480, S. 502 f."
566,1598-05-31,Was yetzunder zuo Baden der frembden Pättleren halb beredt unnd abscheidett worden ist.,Fahrende Leute,Streifen; Festnahme; Differenzierung; Fremde; Einheimische; Landesverweisung; Aufenthalt; Verbot; Aussätzige; Überprüfung,"StAB, A I 480, S. 559-562"
567,1598-05-31,Was yetzunder zuo Baden der frembden Pättleren halb beredt unnd abscheidett worden ist.,Zigeuner,Streifen; Festnahme; Differenzierung; Fremde; Einheimische; Landesverweisung; Aufenthalt; Verbot; Aussätzige; Überprüfung,"StAB, A I 480, S. 559-562"
588,1599-07-02,Die starckenn landstrichenden Bättler hinder sich zehalten und musteren.,Fahrende Leute,Differenzierung; Fremde; Einheimische; Grenzkontrolle; Pässe; Landesverweisung,"StAB, A I 480, S. 596"
611,1600-06-09,Der Landtstrycheren wegen.,Fahrende Leute,Bettelverbot; Differenzierung; Fremde; Einheimische; Landesverweisung; Festnahme,"StAB, A I 481, S. 11"
638,1601-08-06,Ussschryben an alle Amptlüt den umbschweifenden starcken Bättleren.,Fahrende Leute,Einreiseverbot; Festnahme; Grenzkontrolle; Krämer; Landesverweisung; Aussätzige; Prostituierte; Überprüfung,"StAB, A I 481, S. 34 f."
639,1601-08-06,Ussschryben an alle Amptlüt den umbschweifenden starcken Bättleren.,Zigeuner,Einreiseverbot; Festnahme; Grenzkontrolle; Krämer; Landesverweisung; Aussätzige; Prostituierte; Überprüfung,"StAB, A I 481, S. 34 f."
645,1602-04-10,Der landtstrichenden Bättleren wegen.,Fahrende Leute,Bettelverbot; Differenzierung; Fremde; Einheimische; Landesverweisung; Krämer; Kesselflicker; Fristsetzung,"StAB, A I 481, S. 50 f."
691,1603-05-15,Wegen der frömbden Krämeren.,Fahrende Leute,Hausierer; Krämer; Landesverweisung; Differenzierung; Fremde; Einheimische,"StAB, A I 481, S. 87"
694,1603-08-10,Wegen einer Landtjegi.,Fahrende Leute,Bettler; Fahndung,"StAB, A I 481, S. 82"
701,1603-12-12,Der angesechnen Wortzychen inn Fhür und Kriegsnötten berichten.,Fahrende Leute,Differenzierung; Fremde; Einheimische; Durchzug; Festnahme,"StAB, A I 481, S. 96-98"
704,1603-12-14,Der Wahrzeychen halb inn Fhür oder Kriegsnötten.,Fahrende Leute,Differenzierung; Fremde; Einheimische; Festnahme; Landesverweisung; Durchzug,"StAB, A I 481, S. 93-95"
725,1604-11-03,Einer uff 29 huius angesächner Landtjegy der starcken Landtstrycher halb.,Fahrende Leute,Bettler; Fahndung,"StAB, A I 481, S. 128"
782,1607-02-22,,Fahrende Leute,Differenzierung; Fremde; Einheimische; Krämer; Hausierer; Grenzkontrolle; Festnahme; Landesverweisung; Überprüfung Fremder; Einreiseverbot; Brandmarkung; Schiffe; Kontrolle; Korbflechter,"StAB, A I 481, S. 196-199"
863,1609-03-01,,Fahrende Leute,Differenzierung; Fremde; Einheimische; Einreiseverbot; Festnahme; Landesverweisung; Krämer; Aussätzige; Korbflechter; Streifen; Überprüfung Fremder; Grenzkontrolle,"StAB, A I 481, S. 296-299"
864,1609-03-01,,Zigeuner,Landesverweisung; Streifen; Grenzkontrolle; Festnahme; Einreiseverbot,"StAB, A I 481, S. 296-299"
908,1609-12-30,Dess frömbden ins Lanndt kommenden Bättelvolcks halben.,Fahrende Leute,Aufenthalt; Verbot; Bettelverbot; Differenzierung; Fremde; Einheimische; Einreiseverbot; Festnahme; Grenzkontrolle; Kennzeichnung; Landesverweisung; Überprüfung Fremder,"StAB, A I 481, S. 391-396"
926,1610-04-11,"Von der Heyden undt Zigyneren Verwysung, denne der Töüfferen verkoufften Gütteren wegenn.",Zigeuner,Einreiseverbot; Festnahme; Aufenthalt; Verbot; Grenzkontrolle; Landesverweisung; Überprüfung,"StAB, A I 481, S. 410-412"
944,1611-02-16,"Von deren wegen, die ins Welschland zogen.",Zigeuner,"Festnahme,,1.3 gilt nur für die Welschen Gebiete,,,,","StAB, A I 481, S. 479-482"
946,1611-02-23,"Ussmusterung halb frömbder savoyscher Krämeren, unndt Kessleren.",Fahrende Leute,Krämer; Hausierer; Landesverweisung; Festnahme; Aufenthalt; Verbot,"StAB, A I 481, S. 485 f."
960,1611-07-08,Der Bättleren unnd Landtstrycheren halben.,Fahrende Leute,Streifen; Überprüfung Fremder; Landesverweisung; Festnahme; Aufenthalt; Verbot,"StAB, A I 481, S. 519 f."
981,1612-07-28,Einer gmeinen Landtjegi halb.,Fahrende Leute,"Streifen; Festnahme,Marter","StAB, A I 482, S. 33 f."
1080,1614-12-28,Einer gmeinen Landtjegi halb [...],Fahrende Leute,Streifen,"StAB, A I 482, S. 280"
1081,1614-12-28,Execution halb der Bättler Ordnung.,Fahrende Leute,Hausierer; Krämer; Differenzierung; Fremde; Einheimische,"StAB, A I 482, S. 283-285"
1086,1615-02-06,Des Heidenvolcks halben.,Zigeuner,Festnahme,"StAB, A I 482, S. 288"
1091,1615-04-01,Der Landtstrycheren halben.,Fahrende Leute,Landesverweisung,"StAB, A I 482, S. 297"
1098,1615-04-27,"Alle landtstrychenden, frömbden und heimbschen Müssiggenger und unnützen Gesellen, ouch Maleficanten gan Ifferdten zeschicken.",Fahrende Leute,Aufsicht; Differenzierung; Fremde; Einheimische,"StAB, A I 482, S. 306"
1101,1615-06-07,,Fahrende Leute,Landesverweisung; Streifen,"StAB, A I 482, S. 318"
1106,1615-07-10,Ordnung und Insechen dess frömbden umbschweiffenden Pättelvolcks.,Fahrende Leute,Grenzkontrolle; Landesverweisung; Einreiseverbot,"StAB, A I 482, S. 330"
1123,1616-05-17,Inglangter Zyttungen halb.,Fahrende Leute,Krämer,"StAB, A I 482, S. 387"
1144,1617-01-03,"Der Züginer, und Heydenvolcks halb.",Zigeuner,Aufenthalt; Verbot; Einreiseverbot; Festnahme; Grenzkontrolle; Landesverweisung; Streifen,"StAB, A I 482, S. 440 f."
1214,1619-10-22,Landtstrychenden starcken Bättelvolcks halben.,Fahrende Leute,Einreiseverbot; Grenzkontrolle,"StAB, A I 482, S. 587"
1221,1619-10-30,Warnung umbschweyffender böser Buben und Brönneren wegen.,Fahrende Leute,Festnahme,"StAB, A I 482, S. 588"
1232,1620-02-01,Arrestierung wegen Pündtnerischer Bandyten.,Fahrende Leute,Festnahme,"StAB, A I 482, S. 612"
1290,1621-05-29,Frömbder und heimscher Landtstrycheren und Bättleren wegen.,Fahrende Leute,Streifen; Landesverweisung; Grenzkontrolle; Festnahme; Differenzierung; Fremde; Einheimische; Bettelverbot; Aufsicht,"StAB, A I 482, S. 684-686"
1312,1622-01-21,Der inheimmschen und frömbden Bättleren wegen.,Fahrende Leute,Grenzkontrolle; Krämer; Hausierer; Landesverweisung,"StAB, A I 483, S. 2-9"
1467,1626-05-08,"Gmein Usschryben der mutwilligen Landtstrycheren, und ynheimschen Armen halb.",Fahrende Leute,Landesverweisung; Grenzkontrolle; Differenzierung; Fremde; Einheimische; Gesellen; Profosen,"StAB, A I 483, S. 245 f."
1474,1626-07-22,Wegen der landtstrychenden frömbden Bätleren.,Fahrende Leute,Streifen,"StAB, A I 483, S. 250 f."
1488,1627-04-11,Anstellung einer allgemeinen Landtiegi.,Fahrende Leute,Streifen; Landesverweisung; Festnahme; Differenzierung; Fremde; Einheimische; Durchzug; Überprüfung Fremder; Einreiseverbot,"StAB, A I 483, S. 261 f."
1489,1627-04-11,Anstellung einer allgemeinen Landtiegi.,Zigeuner,Streifen; Landesverweisung; Festnahme; Differenzierung; Fremde; Einheimische; Durchzug; Überprüfung Fremder; Einreiseverbot,"StAB, A I 483, S. 261 f."
1504,1627-11-27,Wider umbschweiffende Hütten- und Krätzentrager.,Fahrende Leute,Krämer; Landesverweisung,"StAB, A I 483, S. 285 f."
1508,1628-01-05,Ussmusterung halber dess frömbden überlegen Bättelgsinds.,Fahrende Leute,Landesverweisung; Pässe; Paßkontrolle; Streifen,"StAB, A I 483, S. 289 f."
1514,1628-05-12,Wegen den Profosen undt Ordnung dess heimschen undt frömbden Bättelvolcks.,Fahrende Leute,Differenzierung; Fremde; Einheimische; Landesverweisung; Profosen,"StAB, A I 483, S. 299 f."
1530,1628-10-27,Landtstrychends Bättelgsind ussem Landt zewysen.,Fahrende Leute,Landesverweisung,"StAB, A I 483, S. 311"
1542,1629-08-31,Wegen der frömbden usslendischen Soldaten unnd Betleren.,Fahrende Leute,Landesverweisung; Gartknechte; Profosen,"StAB, A I 483, S. 351 f."
1564,1630-07-24,Wegen Usmusterung der Heyden undt derglychen unnützen Gsinlins.,Fahrende Leute,Landesverweisung; Grenzkontrolle; Festnahme; Einreiseverbot,"StAB, A I 483, S. 382-384"
1565,1630-07-24,Wegen Usmusterung der Heyden undt derglychen unnützen Gsinlins.,Zigeuner,Landesverweisung; Grenzkontrolle; Festnahme; Einreiseverbot,"StAB, A I 483, S. 382-384"
1582,1631-01-21,Wegen safföyischen Bettleren.,Fahrende Leute,Landesverweisung; Einreiseverbot,"StAB, A I 483, S. 405"
1593,1631-08-20,Wegen des Schallenwercks.,Fahrende Leute,Festnahme; Landesverweisung,"StAB, A I 483, S. 424-427"
1668,1634-12-01,Wegen ettlichern - mit verdächtigen Passportten durchreisender Reüttern.,Fahrende Leute,Durchzug; Paßkontrolle; Pässe,"StAB, A I 484, fol. 44r-44v"
1716,1635-07-09,Wegen dess frombden vertribnen Volcks.,Fahrende Leute,Streifen; Krämer; Festnahme; Landesverweisung; Differenzierung; Fremde; Einheimische; Arbeitseinsatz; Arbeitszwang; Grenzkontrolle; Religionszugehörigkeit,"StAB, A I 484, fol. 64v-66r"
1721,1635-07-09,Dass die frömbden Bättler innert dem 1. Tag Augstmonats den Flecken rumen söllint.,Fahrende Leute,"Streifen; Landesverweisung; Krämer,,,StAB A I 484, fol. 169r-170r, Verordnung 29.05.1638: Anordnung zur erneuten Verkündigung.,,,","StAB, A I 484, fol. 66r & 67v-68r"
1773,1636-03-07,"Wegen der ann benachbarten Orten, wider die fr. Armen, angestelten Landtjeginen.",Fahrende Leute,Grenzkontrolle; Festnahme; Einreiseverbot; Differenzierung; Fremde; Einheimische; Bettelverbot; Landesverweisung; Überprüfung Fremder; Arbeitszwang,"StAB, A I 484, fol. 95v-96r"
1821,1637-04-20,Wegen des umbschweifenden Bettel und Lyren Volcks.,Fahrende Leute,Landesverweisung; Festnahme; Unterhaltungskünstler; Spielleute; Musiker,"StAB, A I 484, fol. 129r-129v"
1824,1637-05-13,Wegen einer allgemeinen Landtjegi.,Fahrende Leute,Einreiseverbot; Festnahme; Landesverweisung; Krämer; Grenzkontrolle; Streifen; Überprüfung Fremder,"StAB, A I 484, fol. 131r-132r"
1841,1637-08-28,"Das Getreidt Mandat, und die Bättlerordnung erfrischen.",Fahrende Leute,Landesverweisung; Hausierer; Krämer; Einreiseverbot; Differenzierung; Fremde; Einheimische; Festnahme,"StAB, A I 484, fol. 143r-143v"
1885,1638-05-29,Erfrischung der Bätler-Ordnung.,Fahrende Leute,Streifen,"StAB, A I 484, fol. 169r-170r"
1930,1639-05-07,Die müssiggehenden im Land umbherstreychende zum Wehren thugentliche Buben dem Ob. Croll zeübergeben.,Fahrende Leute,Streifen; Landesverweisung,"StAB, A I 484, fol. 199v-200r"
1966,1639-10-03,Das starcke burgundische Bättelgsind ussem Landt zeschaffen.,Fahrende Leute,Landesverweisung,"StAB, A I 484, fol. 220r-220v"
1996,1640-04-15,Der Bättleren halb.,Fahrende Leute,Streifen; Landesverweisung; Differenzierung; Fremde; Einheimische,"StAB, A I 484, fol. 240v-241r"
2042,1641-03-12,Wegen fürnemmend Wegzüchung inns Teütschlandt undt daselbst annemmend Wohnungen.,Fahrende Leute,"Landesverweisung;,,,1.3 Fahrende Leute gilt für alle Gebiete.,,,)","StAB, A I 484, fol. 270r-270v"
2082,1641-09-14,Ein Landtjegi zuhalten.,Fahrende Leute,Streifen; Landesverweisung,"StAB, A I 484, fol. 290v-291r"
2089,1641-10-09,,Fahrende Leute,Grenzkontrolle; Aufsicht,"StAB, A I 484, fol. 292v"
2102,1642-03-07,"Wegen einer sambtlichen algemeinen Landtjegi, mitt den Stetten Lucern, Fryburg undt Solothurn.",Fahrende Leute,Streifen; Landesverweisung; Festnahme; Differenzierung; Fremde; Einheimische; Arbeitszwang; Arbeitseinsatz; Aufenthalt; Verbot,"StAB, A I 484, fol. 301v-302r"
2110,1642-05-09,Ein Landtjegi [...] anzestellen.,Fahrende Leute,Landesverweisung; Streifen,"StAB, A I 484, fol. 311r"
2117,1642-07-13,Wegen dess überlegnen Bättelgsindts.,Fahrende Leute,Arbeitseinsatz; Aufenthalt; Verbot; Bedingungen; Einschränkung; Aufsicht; Bettelverbot; Differenzierung; Fremde; Einheimische; Einreiseverbot; Festnahme; Grenzkontrolle; Landesverweisung; Profosen; Gesellen; Durchzug,"StAB, A I 484, fol. 316v"
2181,1643-05-13,"Nüwe Ordnung wie man sich der Bättleren halb zeverhalten, uf die Landtschafft Bern gericht.",Fahrende Leute,Differenzierung; Fremde; Einheimische; Arbeitseinsatz; Festnahme; Landesverweisung; Streifen; Aufenthalt; Verbot; Bedingungen; Einschränkung; Bettelverbot; Einreiseverbot,"StAB, A I 484, fol. 345r-349v"
2182,1643-05-13,"Nüwe Ordnung wie man sich der Bättleren halb zeverhalten, uf die Landtschafft Bern gericht.",Fahrende Leute,Differenzierung; Fremde; Einheimische; Arbeitseinsatz; Festnahme; Landesverweisung; Streifen; Aufenthalt; Verbot; Bedingungen; Einschränkung; Bettelverbot; Einreiseverbot,"StAB, A I 484, fol. 345r-349v"
2194,1643-07-29,Abschaffung undt Hinderhaltung dess Heidengsindts.,Fahrende Leute,Landesverweisung,"StAB, A I 484, fol. 353v-354r"
2195,1643-07-29,Abschaffung undt Hinderhaltung dess Heidengsindts.,Zigeuner,Landesverweisung,"StAB, A I 484, fol. 353v-354r"
2209,1644-01-31,Ussschrybung einer algemeinen Landtjegi.,Fahrende Leute,Arbeitseinsatz; Aufenthalt; Verbot; Bedingungen; Einschränkung; Differenzierung; Fremde; Einheimische; Einreiseverbot; Festnahme; Landesverweisung; Streifen; Überprüfung Fremder; Durchzug; Pässe,"StAB, A I 484, fol. 360v-361r"
2219,1644-05-07,Die argwönische Vych Durchführer uffzuhalten.,Fahrende Leute,Überprüfung Fremder; Pässe; Paßkontrolle,"StAB, A I 485, S. 11 f."
2257,1645-03-26,Wegen der ussern Krämeren.,Fahrende Leute,Hausierer; Krämer; Landesverweisung,"StAB, A I 485, S. 64"
2291,1646-03-21,Abermahliges Einsechen wider die schedlichen Heiden und Zigyner.,Fahrende Leute,Festnahme; Überprüfung; Landesverweisung; Grenzkontrolle,"StAB, A I 485, S. 115"
2292,1646-03-21,Abermahliges Einsechen wider die schedlichen Heiden und Zigyner.,Zigeuner,Festnahme; Überprüfung; Landesverweisung; Grenzkontrolle,"StAB, A I 485, S. 115"
2325,1646-12-28,Warnung vor faltschen Batzen.,Fahrende Leute,"Einreiseverbot; Krämer; Hausierer; Überprüfung Fremder,,,1.3 Fahrende Leute u. 2.2 Sicherung Stadt/Land gilt nur für 9 Deutsche Ämter.,,,","StAB, A I 485, S. 149"
2352,1647-07-27,Wegen einer abermahligen Landjegi.,Fahrende Leute,Streifen,"StAB, A I 485, S. 177 f."
2387,1648-06-08,Wegen der Diebs Jegi.,Fahrende Leute,Streifen; Überprüfung Fremder; Festnahme; Arbeitszwang,"StAB, A I 485, S. 226 f."
2390,1648-07-08,Ussmusterung der Juden.,Juden,Aufenthalt; Verbot; Landesverweisung,"StAB, A I 485, S. 229 f."
2393,1648-08-04,Milterung Juden Mandats.,Juden,Aufenthalt; Verbot; Bedingungen; Einschränkung; Durchzug; Jahrmarkt,"StAB, A I 485, S. 232"
2435,1649-05-28,Wegen einer angestellten allgemeinen Landtjegi.,Fahrende Leute,Aufsicht; Bettelverbot; Differenzierung; Fremde; Einheimische; Festnahme; Arbeitszwang,"StAB, A I 485, S. 268-270"
2436,1649-05-28,,Fahrende Leute,Differenzierung; Fremde; Einheimische; Bettelverbot; Aufsicht; Festnahme,"StAB, A I 485, S. 270"
2472,1650-04-22,Ob der Bettler Ordnung zehalten.,Fahrende Leute,Grenzkontrolle; Einreiseverbot; Landesverweisung,"StAB, A I 485, S. 296 f."
2498,1651-04-14,Ein abermalige Land-Jegi Haltung.,Fahrende Leute,Streifen; Differenzierung; Fremde; Einheimische; Arbeitseinsatz; Festnahme,"StAB, A I 485, S. 354 f."
2508,1651-06-23,Vort Weisung der Tiriax Krämmeren.,Fahrende Leute,Krämer; Landesverweisung; Unterhaltungskünstler; Spielleute; Musiker; Narren; Reimsprecher; Tänzerinnen,"StAB, A I 485, S. 359 f."
2510,1651-07-15,Landtjegi.,Fahrende Leute,Arbeitseinsatz; Festnahme; Landesverweisung; Überprüfung,"StAB, A I 485, S. 361"
2511,1651-07-15,Landtjegi.,Zigeuner,Arbeitseinsatz; Festnahme; Landesverweisung; Überprüfung,"StAB, A I 485, S. 361"
2519,1651-09-10,"Fortwysung der Saffoyschen Crämer, Husierer etc.",Fahrende Leute,Hausierer; Krämer; Landesverweisung,"StAB, A I 485, S. 368 f."
2545,1652-01-19,Sterck- und Vermehrung der Hury unnd Ehebruchs Straff.,Fahrende Leute,Prostituierte; Festnahme; Landesverweisung,"StAB, A I 485, S. 400-403"
2689,1655-08-09,Das Juden Mandat erfrischen.,Juden,Landesverweisung; Aufenthalt; Verbot,"StAB, A I 485, S. 582 f."
2708,1655-12-11,Von dem frömden Gesind nit alles zugestatten.,Fahrende Leute,Krämer; Landesverweisung,"StAB, A I 485, S. 598"
2769,1657-03-16,Die Juden nit zegestatten.,Juden,Aufenthalt; Verbot; Landesverweisung,"StAB, A I 485, S. 672 f."
2878,1659-11-15,Haltung halb einer Landjegi.,Fahrende Leute,Landesverweisung; Festnahme; Streifen; Überprüfung Fremder; Differenzierung; Fremde; Einheimische; Bettelverbot; Aufenthalt; Verbot; Bedingungen; Einschränkung,"StAB, A I 487, S. 70 f."
2931,1661-03-18,"Gross Mandat, so jerlich von Canzlen verlessen werden sol.",Fahrende Leute,Landesverweisung; Prostituierte,"StAB, A I 487, S. 129-156"
3129,1666-08-29,Haltung einer Landt Jegi.,Fahrende Leute,Bettelverbot; Differenzierung; Fremde; Einheimische; Grenzkontrolle; Streifen,"StAB, A I 487, S. 345 f."
3178,1667-05-10,Einer anstellenden Bättel Jegi halb.,Fahrende Leute,Streifen; Landesverweisung; Grenzkontrolle; Einreiseverbot; Differenzierung; Fremde; Einheimische,"StAB, A I 487, S. 375"
3214,1667-10-25,Die ussem Niderland ankommende Persohnen nit ynzelassen.,Fahrende Leute,Landesverweisung,"StAB, A I 487, S. 409 f."
3315,1670-07-21,Haltung einer Landtjegi.,Fahrende Leute,Streifen; Überprüfung Fremder; Landesverweisung; Festnahme; Grenzkontrolle; Differenzierung; Fremde; Einheimische,"StAB, A I 487, S. 545 f."
3351,1671-09-09,Vor den Gifftanstreicheren in Teütschlandt verwahrnen.,Fahrende Leute,Festnahme,"StAB, A I 487, S. 605-607"
3373,1672-03-02,Gleicher Sach halber sonderbahr.,Fahrende Leute,Krämer; Landesverweisung,"StAB, A I 487, S. 638-640"
3375,1672-03-02,Verpott der frömbden Handtiereren und dergleichen unnüzen Gesindts im Landt. Erleüteret 23.Apr.1672.,Fahrende Leute,Differenzierung; Fremde; Einheimische; Krämer; Beherbergungsverbot,"StAB, A I 487, S. 632-638"
3420,1673-04-04,An die Herren Decanen. Die Capitel zehalten. Item der Bätlerordnung halb. An die Teütschen Ambtleüth. Ob idem.,Fahrende Leute,Festnahme; Differenzierung; Fremde; Einheimische; Arbeitszwang; Bettelverbot,"StAB, A I 487, S. 689-693"
3468,1674-06-10,Die frömbden Steür-Bätler mit Büchlinen nit zu admittieren.,Fahrende Leute,Pässe; Paßkontrolle,"StAB, A I 488, S. 15"
3538,1675-08-30,Der verspürten Zygineren halb das Mandat erfrischen.,Zigeuner,Aufenthalt; Verbot; Einreiseverbot; Festnahme,"StAB, A I 488, S. 145 f."
3575,1676-01-20,"Bättler-Ordnung. Das ist Erleuterung und würkliche Einführung des Anno 1672 aussgangnen oberkeitlichen Mandats, und Ordnung, betreffend den landschädlichen Müssiggang und daher entspringenden, überlegnen, und muthwilligen Bättel, auch wie die rechten Armen forthin erhalten werden sollind. Auf die Statt, und Landschaft Bern gerichtet.",Fahrende Leute,Bettelverbot; Arbeitszwang; Durchzug; Festnahme; Krämer; Landesverweisung; Pässe; Überprüfung Fremder,"StAB, A I 488, nach S. 194 eingefügt"
3599,1676-08-12,Die Gmeinden söllind zu Erhaltung der Armen für ein Jahr lang zusamenschiessen.,Fahrende Leute,Krämer; Hausierer; Streifen,"StAB, A I 488, S. 235 f."
3620,1676-11-28,Wegen Bättlerordnung zwey General Profosen zubestellen.,Fahrende Leute,Streifen; Festnahme,"StAB, A I 488, S. 253-255"
3641,1677-05-25,Wider die Mengel in der Bätler-Ordnung.,Fahrende Leute,Streifen; Flüchtlinge,"StAB, A I 488, S. 287-290"
3654,1677-11-06,Der Bätler-Ordnung halb: Die Execution anbefehlen.,Fahrende Leute,Streifen,"StAB, A I 488, S. 304 f."
3708,1679-01-28,Die Betler-Ordnung betreffend. Die Execution anbefehlen.,Fahrende Leute,Arbeitseinsatz; Arbeitszwang; Aufenthalt; Verbot; Bedingungen; Einschränkung; Bettelverbot; Differenzierung; Fremde; Einheimische; Festnahme; Landesverweisung; Streifen; Überprüfung Fremder; Flüchtlinge,"StAB, A I 488, S. 380 f."
3710,,Die Deserteur nit durchlassen.,Fahrende Leute,"Deserteure; Paßkontrolle; Pässe; Grenzkontrolle,,Geschätztes Datum: 1679.02.00,,,,)","StAB, A I 488, S. 437 f."
3738,1679-10-14,Wegen der Bättler Ordnung die Execution anbefehlen.,Fahrende Leute,Streifen; Überprüfung Fremder; Differenzierung; Fremde; Einheimische,"StAB, A I 488, S. 409-414"
3743,1679-10-14,Wegen der Bättlerordnung. Die Execution anbefehlen.,Fahrende Leute,Bettelverbot; Differenzierung; Fremde; Einheimische; Festnahme; Streifen,"StAB, A I 488, S. 418 f."
3774,1680-07-07,Ein allgemeine Bätteljägi anzustellen.,Fahrende Leute,Streifen; Differenzierung; Fremde; Einheimische; Beherbergung Fremder; Beherbergungsverbot; Einreiseverbot; Landesverweisung,"StAB, A I 488, S. 479 f."
3839,1681-06-25,Die Bättler Ordnung erfrüschen.,Fahrende Leute,Festnahme,"StAB, A I 488, S. 555-560 & S. 638-641, hier datiert: 18.06.1681"
3856,1681-09-14,Anderwertiger Bestell und Verköstigung halb der Profosen auffem Landt die Bättler zu hinderhalten.,Fahrende Leute,Bettelverbot; Profosen; Besoldung,"StAB, A I 488, S. 581-583"
3942,1684-10-06,Sie zu besserer Obhaltung der Bättelordnung anmahnen.,Fahrende Leute,Streifen; Bettelverbot; Krämer,"StAB, A I 488, S. 685 f."
3967,1686-01-30,Auff die mit Under undt Oberwehr im Landt herumb streichende Kärl zu achten undt die Obergewehr ihnen abzunemmen.,Fahrende Leute,Aufsicht; Einreiseverbot; Grenzkontrolle,"StAB, A I 488, S. 722 f."
3981,1686-08-24,Die Husierer nochmahlen abstellen oder einzihlen.,Fahrende Leute,Krämer,"StAB, A I 488, S. 737 f."
4002,1687-05-21,Mit einer Landtjägi das Landt vom Bättelgsind zu raumen.,Fahrende Leute,Streifen; Überprüfung Fremder; Krämer; Hausierer; Differenzierung; Fremde; Einheimische; Bettelverbot; Landesverweisung; Arbeitseinsatz; Arbeitszwang,"StAB, A I 488, S. 773-775"
4006,1687-06-13,Die Bätteljägi erleüteren.,Fahrende Leute,Streifen; Landesverweisung; Grenzkontrolle; Einreiseverbot; Festnahme,"StAB, A I 488, S. 779 f."
4013,1687-08-19,Ob der Bätteljegi zuhalten.,Fahrende Leute,Festnahme; Streifen,"StAB, A I 488, S. 795 f."
4019,1687-09-01,Eine nochmahlige Bätteljägi auff Michelstaag ausschreiben.,Fahrende Leute,Streifen,"StAB, A I 488, S. 799 f."
4042,1688-08-31,Eine Betteljegi ausschreiben.,Fahrende Leute,"Streifen,Datum stimmt","StAB, A I 488, S. 953"
4086,1690-05-03,Eine Landtjegi anstellen umb die ins Landt geflohene Heyden und Zigainer ausszejagen.,Zigeuner,Landesverweisung; Streifen,"StAB, A I 488, S. 944 f."
4102,1690-11-21,Bättler-Ordnung auf die Stadt und Landschaft Bern gerichtet. Erneüert im 1690sten Jahr.,Fahrende Leute,"Aufenthalt; Verbot; Bedingungen; Einschränkung; Festnahme; Landesverweisung; Krämer,Anm. Gehört zu pag848","StAB, A I 488, S. 1041-1072"
4127,1691-05-29,Bätteljägi anzustellen.,Fahrende Leute,Streifen,"StAB, A I 488, S. 985 f."
4164,1692-10-01,Ihnen die Handthabung der Bättelordnung besser anbefehlen.,Fahrende Leute,Streifen,"StAB, A I 488, S. 1012 f."
4207,1693-06-16,"Das Ziggyner Mandat von A. 1646 erfrischen, und befehlen solches in die Mandatenbücher einschreiben zelassen.",Zigeuner,Landesverweisung; Grenzkontrolle; Festnahme; Einreiseverbot,"StAB, A I 490, S. 17 f."
4220,1693-08-01,Die Profosen wider den Bättel anzustelllen.,Fahrende Leute,Streifen,"StAB, A I 490, S. 30"
4269,1694-05-29,"Die Bättelordnung vom 1692. und 1693. erfrischen, und eine Landjegi anstellen.",Fahrende Leute,Differenzierung; Fremde; Einheimische; Festnahme; Einreiseverbot; Hausierer; Krämer; Landesverweisung; Streifen; Überprüfung Fremder; Arbeitszwang; Arbeitseinsatz; Aufsicht; Aufenthalt; Verbot,"StAB, A I 490, S. 87-90"
4287,1694-09-07,Eine abermahlige Bätteljäge anstellen.,Fahrende Leute,Streifen; Bettelverbot; Landesverweisung,"StAB, A I 490, S. 113 f."
4317,1695-06-29,Mit den monatlichen Bätteljegenen zucontinuiren.,Fahrende Leute,Bettelverbot; Streifen,"StAB, A I 490, S. 179 f."
4355,1695-11-30,Die hievor angestelten Bätteljegenen nochmahlen erfrischen.,Fahrende Leute,Streifen; Bettelverbot,"StAB, A I 490, S. 200 f."
4365,1696-04-27,,Fahrende Leute,Streifen,"StAB, A I 490, S. 217 f."
4372,1696-07-10,Erleüter- und Ordnung wie mann inskünftig mit den Bättleren zu procedieren.,Fahrende Leute,Beherbergung Fremder; Beherbergungsverbot; Streifen; Festnahme,"StAB, A I 490, S. 231-235"
4378,1696-08-04,Den 2. Punkten letstaussgeschribener Bättel Ordnung erleüteren.,Fahrende Leute,Differenzierung; Fremde; Einheimische; Streifen; Festnahme; Konfession,"StAB, A I 490, S. 239 f."
4409,1697-08-11,Das Bättelgsind so mit Feüwr andreüwet alsobald zubehendigen.,Fahrende Leute,Festnahme; Drohung,"StAB, A I 490, S. 303 f."
4426,1698-02-22,"Mit den Bätteljegenen, auf die Tagen jeden Monats so die Allmusen Cammer ansetzen werde, vortzefahren.",Fahrende Leute,Streifen,"StAB, A I 490, S. 330"
4458,1698-11-02,"Die frömbden umbschweiffenden Bättler, Hutten- und Krätzentreger, item Handtwercksbursch ausszejagen.",Fahrende Leute,Arbeitseinsatz; Bettelverbot; Differenzierung; Fremde; Einheimische; Einreiseverbot; Festnahme; Gesellen; Grenzkontrolle; Hausierer; Krämer; Landesverweisung,"StAB, A I 490, S. 376-378"
4477,1698-12-29,"Das unnütze Bättelgsindt denen Freyburgeren abnemmen, und nach Inhalt Bättelordnung zeverfahren.",Fahrende Leute,Grenzkontrolle; Differenzierung; Fremde; Einheimische; Überprüfung Fremder; Landesverweisung,"StAB, A I 490, S. 410 f."
4495,1699-05-29,Mit denen gemachten Anstalten dess Bättelgsindts und Underhalten der Profosen zu continuieren.,Fahrende Leute,Streifen,"StAB, A I 490, S. 445 f."
4507,1699-07-05,Das frömbde Bättelgsind undt Soldaten nit ins Land zelassen.,Fahrende Leute,Gesellen; Grenzkontrolle; Festnahme; Einreiseverbot; Pässe; Paßkontrolle,"StAB, A I 490, S. 466-468"
4513,1699-08-29,Vernere Anstalten wegen den Bätteljegenen.,Fahrende Leute,Bettelverbot; Differenzierung; Fremde; Einheimische; Landesverweisung; Streifen; Profosen; Besoldung,"StAB, A I 490, S. 484-487"
4521,1699-11-25,Denen Solothurnischen das Bättelgsindt auf den Grentzen abzenemmen.,Fahrende Leute,Durchzug; Landesverweisung,"StAB, A I 490, S. 500 f."
4528,1700-01-22,1. Die truckende Bättelordnung ihnen zu fürderlicher Publication zuschicken. 2. Die Bätteljegi auf gesetzten Tag unfählbahrlich und geheimbd zeveranstalten.,Fahrende Leute,Streifen; Bettelverbot; Aufsicht; Profosen; Einreiseverbot; Grenzkontrolle; Landesverweisung; Festnahme; Krämer; Hausierer; Pässe; Paßkontrolle; Legitimation; Überprüfung Fremder; Gesellen; Durchzug,"StAB, A I 490, S. 509-520"
4529,1700-01-22,1. Die truckende Bättelordnung ihnen zu fürderlicher Publication zuschicken. 2. Die Bätteljegi auf gesetzten Tag unfählbahrlich und geheimbd zeveranstalten.,Fahrende Leute,Streifen; Bettelverbot; Aufsicht; Profosen; Einreiseverbot; Grenzkontrolle; Landesverweisung; Festnahme; Krämer; Hausierer; Pässe; Paßkontrolle; Legitimation; Überprüfung Fremder; Gesellen; Durchzug,"StAB, A I 490, S. 509-520"
4530,1700-01-22,1. Die truckende Bättelordnung ihnen zu fürderlicher Publication zuschicken. 2. Die Bätteljegi auf gesetzten Tag unfählbahrlich und geheimbd zeveranstalten.,Zigeuner,Streifen; Bettelverbot; Aufsicht; Profosen; Einreiseverbot; Grenzkontrolle; Landesverweisung; Festnahme; Krämer; Hausierer; Pässe; Paßkontrolle; Legitimation; Überprüfung Fremder; Gesellen; Durchzug,"StAB, A I 490, S. 509-520"
4548,1700-08-14,Eine Bätteljegi ausschreiben.,Fahrende Leute,Streifen,"StAB, A I 490, S. 547 f."
4549,1700-09-11,"Dass alle Handwerckspursch Pätelgsind wie auch Soldaten, nicht ohne Pass ins Land gelassen sollen werden.",Fahrende Leute,Pässe; Paßkontrolle; Gesellen,"StAB, A I 490, S. 559 f."
4558,1701-01-14,Der Bättleren halb.,Fahrende Leute,Streifen; Pässe; Paßkontrolle; Einreiseverbot; Gesellen,"StAB, A I 490, S. 569-571"
4566,1701-04-20,Eine Bätteljegi auf den 2. may nechstkünfftig ausschreiben.,Fahrende Leute,Streifen,"StAB, A I 490, S. 585"
4570,1701-07-23,Bätteljegi uff den 27. July 1701.,Fahrende Leute,Streifen,"StAB, A I 490, S. 592"
4572,1701-08-22,Bätteljegi [...].,Fahrende Leute,Streifen,"StAB, A I 490, S. 594 f."
4578,1701-09-06,Die Juden auss Ihr Gnd. Territorio bannizieren.,Juden,Landesverweisung; Aufenthalt; Verbot; Bedingungen; Einschränkung,"StAB, A I 490, S. 599 f."
4586,1701-11-24,Auff den [...] eine abermahlige Bätteljegi aussschreiben.,Fahrende Leute,Streifen,"StAB, A I 490, S. 608"
4588,1702-02-22,Ein Bätteljegi [...] aussschreiben.,Fahrende Leute,Streifen,"StAB, A I 490, S. 613"
4598,1702-06-15,"Wegen Hinderhaltung frömbden Bättelgsindts, Hutten- und Krätzenträgeren wie auch Soldaten.",Fahrende Leute,Streifen; Krämer; Hausierer; Landesverweisung; Pässe; Paßkontrolle; Grenzkontrolle,"StAB, A I 490, S. 628-630"
4612,1702-09-08,Ein Bätteljegi uff [...],Fahrende Leute,Streifen,"StAB, A I 490, S. 641 f."
4618,1702-09-18,Ein abermahlige Bätteljegi [...] aussschreiben.,Fahrende Leute,Streifen,"StAB, A I 490, S. 646 f."
4632,1703-02-22,Die Bättelproffosen anzustellen undt den Bättel abzuhalten.,Fahrende Leute,Grenzkontrolle; Bettelverbot; Differenzierung; Fremde; Einheimische; Profosen,"StAB, A I 490, S. 662 f."
4635,1703-04-03,Die Bätteljegi und deroselben exacte Verrichtung aussschreiben und krefftig anzubefehlen uff [...],Fahrende Leute,Streifen,"StAB, A I 490, S. 669"
4669,1704-04-05,Wegen Hinderhaltung der Zigineren.,Zigeuner,Aufenthalt; Verbot; Einreiseverbot; Festnahme; Grenzkontrolle; Kennzeichnung; Landesverweisung; Überprüfung,"StAB, A I 490, S. 732 f."
4694,1705-04-03,Landts-Öffnung der Juden.,Juden,Aufenthalt; Verbot; Bedingungen; Einschränkung,"StAB, A I 491, S. 11f"
4698,1705-05-16,"Wegen deren Camisards, dieselben nit wider hinein zu lassen.",Fahrende Leute,Aufenthalt; Verbot; Einreiseverbot,"StAB, A I 491, S. 16 f."
4705,1705-09-07,Ein Bätteljegi [...] ussschreiben.,Fahrende Leute,Streifen; Differenzierung; Fremde; Einheimische; Landesverweisung,"StAB, A I 491, S. 34 f."
4733,1706-07-29,Ein allgemeine Landts- Betteljegi aussschreiben.,Fahrende Leute,Streifen,"StAB, A I 491, S. 86 f."
4748,1707-01-15,Placcard.,Fahrende Leute,Landesverweisung; Festnahme; Gesellen; Hausierer; Krämer; Pässe; Paßkontrolle; Grenzkontrolle; Beherbergung Fremder; Beherbergungsverbot; Differenzierung; Fremde; Einheimische; Durchzug,"StAB, A I 491, S. 105-110"
4749,1707-01-15,Placcard.,Zigeuner,Kennzeichnung; Festnahme; Einreiseverbot; Brandmarkung; Arbeitseinsatz; Aufenthalt; Verbot; Landesverweisung; Überprüfung,"StAB, A I 491, S. 105-110"
4757,1707-02-25,Ihnen die Execution des Langenthalischen Abscheidts wegen des Strolchen- und Bättelgesindts anbefehlen.,Fahrende Leute,"Arbeitseinsatz; Arbeitszwang; Festnahme,Verwiesen auf Placcard vom 17.01.1707! Vielleicht Druck unter diesem Datum","StAB, A I 491, S. 126-128"
4787,1708-04-21,Wegen denen Provosen zu Hinderhaltung dess Bättelgesindts.,Fahrende Leute,Profosen; Grenzkontrolle,"StAB, A I 491, S. 181 f."
4801,1708-07-12,,Fahrende Leute,Grenzkontrolle; Streifen; Profosen,"StAB, A I 491, S. 208 f."
4802,1708-07-12,Ordnung. Zu Hinderhaltung dess landtsfrömbden Bättelgesindts.,Fahrende Leute,Arbeitseinsatz; Arbeitszwang; Aufenthalt; Verbot; Bedingungen; Einschränkung; Bettelverbot; Differenzierung; Fremde; Einheimische; Durchzug; Einreiseverbot; Festnahme; Gesellen; Grenzkontrolle; Landesverweisung; Pässe; Paßkontrolle; Streifen; Profosen,"StAB, A I 491, S. 210 f."
4806,1708-07-28,Ein allgemeine Bätteljegi [...] aussschreiben.,Fahrende Leute,Streifen,"StAB, A I 491, S. 214 f."
4808,1708-08-06,Ein allgemeine Bätteljegi [...] aussschreiben.,Fahrende Leute,Streifen,"StAB, A I 491, S. 215 f."
4814,1708-12-06,Ordinari Profosen zubestellen.,Fahrende Leute,Profosen; Streifen,"StAB, A I 491, S. 226 f."
4815,1709-01-14,Wegen Hinderhaltung dess Bättelgesindts.,Fahrende Leute,Streifen; Pässe; Paßkontrolle,"StAB, A I 491, S. 234-237"
4841,1709-06-03,,Fahrende Leute,Landesverweisung,"StAB, A I 491, S. 278"
4861,1709-10-07,Sie der Bätteljegi hinder Zürich benachrichten umb die Landts- Profosen zu ernsthaffter Wachtbarkeit anzumahnen.,Fahrende Leute,Grenzkontrolle; Profosen,"StAB, A I 491, S. 304 f."
4870,1709-11-20,Eine allgemeine Bätteljegi ausschreiben.,Fahrende Leute,Streifen,"StAB, A I 491, S. 318 f."
5008,1712-07-23,Das frömbde Landtstreicher und Bettellgesindt hindertreiben.,Fahrende Leute,Grenzkontrolle; Landesverweisung; Differenzierung; Fremde; Einheimische; Bettelverbot; Hausierer; Krämer,"StAB, A I 491, S. 610 f."
5034,1712-12-20,Auff den 9.Jan.1713 eine Betteljegi aussschreiben.,Fahrende Leute,Streifen; Bettelverbot,"StAB, A I 491, S. 656 f."
5040,1713-03-04,Bettellordnung.,Fahrende Leute,Bettelverbot; Differenzierung; Fremde; Einheimische; Grenzkontrolle; Landesverweisung; Profosen,"StAB, A I 491, S. 673 f."
5048,1713-03-31,Eine Bättelljägi [...] anstellen.,Fahrende Leute,Streifen,"StAB, A I 491, S. 683"
5053,1713-06-01,[...] eine Betteljegi aussschreiben.,Fahrende Leute,Streifen; Bettelverbot; Differenzierung; Fremde; Einheimische; Einreiseverbot; Landesverweisung,"StAB, A I 491, S. 690"
5066,1713-12-30,Erfrischung dess Zigeüner Mandats vom 5. Aprilis 1704.,Zigeuner,Festnahme; Grenzkontrolle,"StAB, A I 491, S. 714 f."
5085,1714-05-31,Eine Bätteljägi aussschreiben.,Fahrende Leute,Streifen,"StAB, A I 491, S. 748"
5098,1714-10-15,Ein Betteljegi aussschreiben [ [...],Fahrende Leute,Streifen; Differenzierung; Fremde; Einheimische; Landesverweisung,"StAB, A I 491, S. 771 f."
5173,1716-07-15,Wegen Hindertreibung der Bättleren.,Fahrende Leute,Bettelverbot; Arbeitseinsatz; Arbeitszwang; Differenzierung; Fremde; Einheimische; Einreiseverbot; Grenzkontrolle,"StAB, A I 492, S. 75-79"
5175,1716-07-15,Zu Hindertreibung dess Bättler- und Strolchengsindts Profosen angestellt.,Fahrende Leute,Differenzierung; Fremde; Einheimische; Durchzug; Gesellen; Grenzkontrolle; Bettelverbot; Pässe; Paßkontrolle; Profosen,"StAB, A I 492, S. 84-87"
5177,1716-08-17,Eine Betteljägi anstellen.,Fahrende Leute,Streifen; Landesverweisung,"StAB, A I 492, S. 89"
5211,1717-08-12,Eine Bättlerjegi anzustellen.,Fahrende Leute,Streifen; Bettelverbot; Pässe; Paßkontrolle; Landesverweisung; Kennzeichnung; Durchzug; Einreiseverbot; Brandmarkung; Aufsicht; Aufenthalt; Verbot; Arbeitszwang; Arbeitseinsatz; Gesellen; Hausierer; Krämer,"StAB, A I 492, S. 207 f. & 209-218"
5212,1717-08-12,Eine Bättlerjegi anzustellen.,Zigeuner,Arbeitseinsatz; Aufenthalt; Verbot; Bedingungen; Einschränkung; Einreiseverbot; Festnahme; Grenzkontrolle; Brandmarkung,"StAB, A I 492, S. 207 f. & 209-218"
5236,1718-07-11,Ein Betteljegi aussschreiben auf [...],Fahrende Leute,Streifen,"StAB, A I 492, S. 330 f."
5248,1718-11-11,Wegen denen Brunstbeschädigten.,Fahrende Leute,Pässe; Paßkontrolle,"StAB, A I 492, S. 343 f."
5270,1719-05-13,Ein Bätteljegi [...] aussschreiben.,Fahrende Leute,Streifen; Landesverweisung,"StAB, A I 492, S. 461 f."
5326,1720-06-27,Zu Abtreibung dess im Land herumbstreichenden Bättelgesindts.,Fahrende Leute,Arbeitseinsatz; Arbeitszwang; Aufenthalt; Verbot; Aufsicht; Bettelverbot; Differenzierung; Fremde; Einheimische; Durchzug; Einreiseverbot; Festnahme; Grenzkontrolle; Landesverweisung; Legitimation; Streifen; Profosen,"StAB, A I 492, S. 586-590"
5334,1720-09-03,"Getrukt Mandat. Hochoberkeitl. Ordnung und Einsehen, wie bey gegenwartigen der Contagion halb gefährlichen Läuffen sich zu verhalten, und was für Anstalten zu bestellen.",Fahrende Leute,Landesverweisung; Kennzeichnung; Krämer; Gesellen,"StAB, A I 492, S. 608-624"
5361,1721-06-17,Wegen dess herumbstreichenden Bettelgesindts.,Fahrende Leute,Landesverweisung; Festnahme,"StAB, A I 492, S. 695 f."
5362,1721-06-17,Wegen dess ausslauffenden Bettelgesindts zur Erndtzeit.,Fahrende Leute,Landesverweisung,"StAB, A I 492, S. 696 f."
5389,1722-05-01,Eine allgemeine Betteljegi [...] aussschreiben.,Fahrende Leute,Streifen; Landesverweisung; Differenzierung; Fremde; Einheimische,"StAB, A I 492, S. 777 f."
5426,1723-03-11,,Fahrende Leute,Streifen,"StAB, A I 493, S. 60 f."
5443,1723-07-22,Auff das herumbsteichende Strolchengsind geflissen zeachten.,Fahrende Leute,Festnahme,"StAB, A I 493, S. 116-118"
5459,1724-01-11,Wegen dess frembden Bettel- und Strolchengesindts.,Fahrende Leute,Einreiseverbot; Bettelverbot; Landesverweisung; Kosten,"StAB, A I 493, S. 167 f."
5462,1724-01-19,"Ihnen befehlen, wegen den Rodeurs, eine Betteljegi auff den 7.Febr. nechstkünfftig anzustellen.",Fahrende Leute,Streifen; Festnahme,"StAB, A I 493, S. 172 f."
5464,1724-02-07,"Ob den Befelchen, wegen den durchreysenden Handwerksgesellen, Meermannen, und Steüwrauffnemmeren, zehalten.",Fahrende Leute,Einreiseverbot; Durchzug; Gesellen; Gartknechte,"StAB, A I 493, S. 174 f."
5473,1724-04-03,Auff das im Land sich befindende Diebsgesind achten zelassen.,Fahrende Leute,Festnahme,"StAB, A I 493, S. 202 f."
5478,1724-07-10,"Eine allgemeine Betteljegi aussschreiben, und die Ordnung vom Aug.1717 ihnen zu disem End zuschiken.",Fahrende Leute,Streifen; Landesverweisung; Einreiseverbot; Festnahme,"StAB, A I 493, S. 225 f."
5479,1724-07-10,"Eine allgemeine Betteljegi aussschreiben, und die Ordnung vom Aug.1717 ihnen zu disem End zuschiken.",Zigeuner,Streifen; Landesverweisung; Einreiseverbot; Festnahme,"StAB, A I 493, S. 225 f."
5511,1725-03-10,Betreffend die Bettel-Jegi.,Fahrende Leute,Streifen; Landesverweisung; Festnahme,"StAB, A I 493, S. 376 f."
5514,1725-05-15,"Verordnung, wegen dess beschwährlichen Strolchen- und Bettelgesinds.",Fahrende Leute,Festnahme; Aufsicht; Landesverweisung,"StAB, A I 493, S. 388-390"
5515,1725-05-21,Verordnung einer beständigen und ernsthafften Betteljegi.,Fahrende Leute,Streifen; Überprüfung Fremder; Landesverweisung; Aufsicht; Festnahme,"StAB, A I 493, S. 390-392"
5522,1725-07-09,"Erfrüsch- und Vermehrung dess Mandats vom 15. May letsthin, wegen dem Bettelgsind.",Fahrende Leute,Aufsicht; Pässe; Streifen; Arbeitseinsatz; Arbeitszwang,"StAB, A I 493, S. 416-418"
5523,1725-08-09,Zu Durchführung der Bettleren nöhtige Hülff zu leisten.,Fahrende Leute,Durchzug,"StAB, A I 493, S. 419"
5524,1725-08-24,Vernere Verordnung wegen den Betteljegenen.,Fahrende Leute,Festnahme; Streifen; Landesverweisung; Arbeitseinsatz,"StAB, A I 493, S. 420-425"
5525,1725-08-24,Ob idem.,Fahrende Leute,Streifen,"StAB, A I 493, S. 423-425"
5538,1726-01-22,Das Bettler-Mandat vom 9.July 1725 ernstlich erfrüschen.,Fahrende Leute,Grenzkontrolle; Aufsicht; Festnahme; Einreiseverbot,"StAB, A I 493, S. 461 f."
5557,1726-05-03,Wegen Verkauffung dess über den Vorrath auss vorhandenen Wintergewächses.,Fahrende Leute,Festnahme; Pässe; Arbeitszwang; Aufsicht,"StAB, A I 493, S. 497 f."
5558,1726-05-09,Ob den Mandaten der Betteljegenen halben zu halten.,Fahrende Leute,Aufsicht; Pässe; Streifen,"StAB, A I 493, S. 513-515"
5566,1726-08-08,Die Erneüwerung der Zyginer Mandaten de 5.Aprilis 1704 et 30.Decbris 1713.,Zigeuner,Festnahme; Kennzeichnung; Landesverweisung; Streifen; Einreiseverbot,"StAB, A I 493, S. 526 f."
5570,1726-09-11,Die Haltung der Betteljegi gleich ferndrigens Jahrs betreffend.,Fahrende Leute,Streifen; Festnahme; Arbeitseinsatz,"StAB, A I 493, S. 544-546"
5576,1726-12-03,Wie denen Durchgehenden Pass zegeben.,Fahrende Leute,Pässe; Paßkontrolle,"StAB, A I 493, S. 567 f."
5598,1727-05-28,Wegen Hinderhaltung dess liederlichen Strolchen- und herrenlose Gesind.,Fahrende Leute,Durchzug; Einreiseverbot; Grenzkontrolle; Gesellen; Pässe; Paßkontrolle,"StAB, A I 493, S. 614 f."
5599,1727-06-30,Placcard.,Fahrende Leute,Landesverweisung; Hausierer; Gesinde; Arbeitseinsatz; Arbeitszwang; Brandmarkung; Streifen; Grenzkontrolle; Bettelverbot; Pässe; Kennzeichnung; Legitimation; Überprüfung Fremder; Gesellen; Paßkontrolle; Festnahme; Einreiseverbot,"StAB, A I 493, S. 643-653"
5600,1727-06-30,Placcard.,Zigeuner,Kennzeichnung; Grenzkontrolle; Landesverweisung; Festnahme,"StAB, A I 493, S. 643-653"
5608,1727-08-11,Die Bätteljegenen aussschreiben.,Fahrende Leute,Bettelverbot; Streifen,"StAB, A I 493, S. 678-680"
5642,1728-06-17,Eine Betteljegi [...] aussschreiben.,Fahrende Leute,Landesverweisung; Pässe; Streifen,"StAB, A I 493, S. 854-856"
5645,1728-08-24,Ihnen anbefehlen gleich verndrigen Jahrs im Weyn- Winter- und Christmonath Betteljegenen halten zu lassen.,Fahrende Leute,Streifen; Landesverweisung; Arbeitseinsatz; Arbeitszwang,"StAB, A I 493, S. 879 f."
5652,1728-09-16,Auff die im Landt sich befindtliche Rodeurs geflissenere Achtung zugeben.,Fahrende Leute,Pässe; Streifen; Arbeitszwang; Arbeitseinsatz,"StAB, A I 493, S. 897 f."
5681,1729-07-25,Ihnen anbefehlen die Betteljegenen auf nachbeschribne Tagen halten ze lassen.,Fahrende Leute,"Streifen; Festnahme; Differenzierung; Fremde; Einheimische; Arbeitseinsatz; Arbeitszwang; Bettelverbot; Landesverweisung,Nächste Streifenanordnung 1730, ab hier nicht mehr aufgenommen, wenn nur Streifen.","StAB, A I 494, S. 8-10"
5687,1729-12-09,"Ihnen die Execution der Bettelordnungen, und zugleich anbefehlen, hertzhaffte Leüth zu Provosen ze bestellen.",Fahrende Leute,Pässe; Landesverweisung; Differenzierung; Fremde; Einheimische; Arbeitseinsatz; Arbeitszwang; Streifen; Profosen,"StAB, A I 494, S. 33-35"
5715,1731-07-03,"Ihnen die Betteljegenen auf nach vernamsete Tagen, anbefehlen.",Fahrende Leute,Streifen; Aufsicht,"StAB, A I 494, S. 240-243"
5722,1731-11-21,Wegen dess Bettelgesinds und abgedankten Soldaten.,Fahrende Leute,Festnahme; Überprüfung Fremder,"StAB, A I 494, S. 270-273"
5725,1731-12-13,Die Betteljegenen aussschreiben.,Fahrende Leute,Streifen,"StAB, A I 494, S. 278 f."
5729,1732-02-19,In Ansehen der Steüwrsamleren und Meermannen die Ordnungen erfrischen.,Fahrende Leute,Bettelverbot; Landesverweisung; Gesellen,"StAB, A I 494, S. 306 f."
5737,1732-05-27,Ihnen die Bätteljegenen [...] anbefehlen.,Fahrende Leute,Streifen,"StAB, A I 494, S. 341 f."
5742,1732-10-30,Die Bätteljegenen [...] aussschreiben.,Fahrende Leute,Streifen,"StAB, A I 494, S. 371-373"
5752,1733-04-03,Die Bätteljegenen [...] aussschreiben.,Fahrende Leute,Streifen,"StAB, A I 494, S. 461 f."
5763,1733-08-28,Die Bätteljegenen [...] aussschreiben.,Fahrende Leute,Streifen,"StAB, A I 494, S. 529 f."
5784,1734-04-21,Ein Bätteljägi aussschreiben.,Fahrende Leute,Streifen; Gaststättenbesuch; Verbot,"StAB, A I 494, S. 605-607"
5791,1734-11-10,Betteljägenen ausschreiben.,Fahrende Leute,Streifen,"StAB, A I 495, S. 13"
5805,1735-03-17,"Ihnen eine allgemeine Betteljägi auff nachfolgende Tagen anzustellen, anbefehlen.",Fahrende Leute,Streifen,"StAB, A I 495, S. 70 f."
5809,1735-03-31,Die Observation der Bättelanstalten frischer Dingen anbefehlen.,Fahrende Leute,Aufsicht; Landesverweisung,"StAB, A I 495, S. 83 f."
5813,1735-08-30,"Wegen Hintertreibung der Weermannen, fremde Gygern etc.",Fahrende Leute,Unterhaltungskünstler; Spielleute; Musiker; Narren; Reimsprecher; Tänzerinnen; Landesverweisung,"StAB, A I 495, S. 102 f."
5816,1735-11-10,Eine allgemeine Bätteljägi ausschreiben.,Fahrende Leute,Streifen,"StAB, A I 495, S. 113"
5825,1736-03-10,"Ihnen befehlen, ob dem Bättelmandat von Ao.1727 zu halten.",Fahrende Leute,Aufsicht; Bettelverbot,"StAB, A I 495, S. 144 f."
5828,1736-05-04,Bätteljäginen.,Fahrende Leute,Streifen,"StAB, A I 495, S. 156"
5837,1736-12-13,Bätteljäginen.,Fahrende Leute,Streifen,"StAB, A I 495, S. 192 f."
5848,1737-08-21,"Ihnen eine algemeine Betteljägi auf nachfolgende Tagen anzustellen, anbefehlen.",Fahrende Leute,Streifen,"StAB, A I 495, S. 245"
5857,1738-04-10,Die Einschrankung der Bättelfuhren ansehend.,Fahrende Leute,Bettelverbot; Durchzug; Grenzkontrolle,"StAB, A I 495, S. 290 f."
5863,1738-04-10,Erläuterung wegen denen Bättelfuhren.,Fahrende Leute,Einreiseverbot; Grenzkontrolle; Landesverweisung,"StAB, A I 495, S. 293 f."
5869,1738-08-22,,Fahrende Leute,Bettelfuhren; Pässe; Paßkontrolle; Streifen; Aufsicht,"StAB, A I 495, S. 308-311"
5875,1738-09-19,Wegen dem Strolchen und Bettelgesind.,Fahrende Leute,Pässe; Landesverweisung,"StAB, A I 495, S. 334-336"
5876,1738-10-06,Wegen der freyburgischen Betteljägi.,Fahrende Leute,Landesverweisung; Pässe,"StAB, A I 495, S. 340 f."
5888,1739-01-05,Wegen der in dem Königreich Hungarn grassierenden pestilenzischen Seüch.,Fahrende Leute,Grenzkontrolle,"StAB, A I 495, S. 380-391"
5895,1739-01-27,Die Einschrankung der Bettelfuhren ansehend.,Fahrende Leute,Bettelfuhren; Aufsicht; Einreiseverbot; Grenzkontrolle; Pässe,"StAB, A I 495, S. 377-379"
5924,1739-06-29,Ausschreibung der Bätteljegi.,Fahrende Leute,Streifen,"StAB, A I 496, S. 14 f."
5938,1740-03-17,Eine Bätteljägi anstellen.,Fahrende Leute,Streifen,"StAB, A I 496, S. 101 f."
5953,1740-07-07,Eine abermahlige Bätteljägi ausschreiben.,Fahrende Leute,Streifen,"StAB, A I 496, S. 136 f."
5986,1741-07-14,"Ihnen anbefehlen, [...] nechstkünfftig Betteljägenen halten zu lassen.",Fahrende Leute,Streifen,"StAB, A I 496, S. 270"
5990,1741-09-18,Wegen anstellender Maréchaussé zu Fuss und Execution dess Bettelmandats de Ao.1727.,Fahrende Leute,Streifen; Festnahme; Aufsicht; Pässe,"StAB, A I 496, S. 287-290"
5992,1741-10-19,Wegen den heimath- und herrenlosen Leüthen und Strolchengesindels.,Fahrende Leute,"Aufsicht,,,Anordnung für weitere Verkündigung: StAB A I 497, S. 183f. u. 197f., dort jedoch mit Bezug auf das Datum 18.12.1741, gemeint ist wohl jedoch diese Verordnung.,,,)","StAB, A I 496, S. 302 f."
6001,1742-02-21,"Wegen Underthanen, die im Landt herumbstreichen, dass solche ihre Weib und Kinder in ihrem Heimath lassen sollen.",Fahrende Leute,Aufsicht,"StAB, A I 496, S. 344-346"
6013,1742-04-25,"Getrukte Ordnung. Ansehend allerhandt Strolchen und Bettellgesind, zu dessen Hindertreibung die Maréchaussé angeordnet worden.",Fahrende Leute,Aufenthalt; Verbot; Brandmarkung; Durchzug; Einreiseverbot; Festnahme; Gesellen; Gesinde; Grenzkontrolle; Hausierer; Kennzeichnung; Krämer; Landesverweisung; Legitimation; Pässe; Beherbergung Fremder; Beherbergungsverbot; Streifen,"StAB, A I 496, S. 404-413"
6014,1742-04-25,"Getrukte Ordnung. Ansehend allerhandt Strolchen und Bettellgesind, zu dessen Hindertreibung die Maréchaussé angeordnet worden.",Zigeuner,Kennzeichnung; Grenzkontrolle; Festnahme; Einreiseverbot; Brandmarkung; Aufenthalt; Verbot; Streifen; Kinder,"StAB, A I 496, S. 404-413"
6338,1754-05-24,Bätteljägi.,Fahrende Leute,Streifen,"StAB, A I 498, S. 523 f."
6349,1754-09-19,Bätteljägi anstellen.,Fahrende Leute,Bettelverbot; Streifen; Landesverweisung,"StAB, A I 498, S. 573 f."
6530,1761-05-27,"Die Verordnung wegen denen im Land herumstreichenden Husierer und Colporteurs, auffs Neüe zusenden, und zu publicieren.",Fahrende Leute,"Hausierer; Krämer; Landesverweisung; Beherbergung Fremder; Beherbergungsverbot,,,Anordnung für Aufsicht: StAB A I 507, S. 607, 08.02.1782.,,,","StAB, A I 500, S. 247 f.& 253-255"
6621,1764-02-14,Ihnen von der bevorstehenden Betteljagd in dem Frikthale Nachricht zu geben.,Fahrende Leute,Sicherungsdienste; Grenzkontrolle,"StAB, A I 501, S. 275"
6623,1764-02-21,"Ihnen von der, von Seiten Lobl. Stands Lucern abgehaltenen Betteljagt die behörige Nachricht zu ertheilen.",Fahrende Leute,Sicherungsdienste; Grenzkontrolle; Landesverweisung,"StAB, A I 501, S. 279 f."
6631,1764-03-31,"Ihnen von der zu haltenden Landjagdt von Seiten Lobl. Stands Lucern, Nachricht zu geben.",Fahrende Leute,Grenzkontrolle; Landesverweisung,"StAB, A I 501, S. 293 f."
6650,1764-09-20,Sie der königl. französischen Verordnung in Ansehen der Landläuffer und Bettler berichten.,Fahrende Leute,"Pässe; Paßkontrolle; Landesverweisung; Streifen,,,Erläuterung S. 378f.: 01.10.1764, Verordnung an Grandson u. St. Johannsen gleicher Betreff u. gleiches Datum, S. 380f.,,,","StAB, A I 501, S. 372"
6681,1765-12-03,Wegen dem vielfaltig im Land sich befindlichen Strolchen-Gesind.,Fahrende Leute,Festnahme; Grenzkontrolle; Pässe; Paßkontrolle; Landesverweisung; Überprüfung Fremder; Durchzug,"StAB, A I 501, S. 553"
6692,1766-05-20,"Ihnen die von lobl. Stand Solothurn communicierte Bätteljägi ankünden, und ein Gleiches anbefehlen.",Fahrende Leute,Streifen,"StAB, A I 501, S. 683"
6754,1768-12-21,Die Bätteljagd von Fryburg ausgeschrieben.,Fahrende Leute,"Landesverweisung; Einreiseverbot; Festnahme,,,Verschiedene Verordnungen an einzelne Ämter.,,,)","StAB, A I 503, S. 48"
6755,1768-12-21,Betteljegi von Neuenburg ausgeschrieben.,Fahrende Leute,"Grenzkontrolle; Landesverweisung; Festnahme; Einreiseverbot; Streifen,,,Verschiedene Verordnungen an einzelne Ämter.,,,)","StAB, A I 503, S. 52-59"
6782,1770-04-28,Die von lobl. Stand Fryburg allhero communicierte Bätteljägi ihnen kund thun und anbefehlen.,Fahrende Leute,Streifen; Grenzkontrolle; Einreiseverbot,"StAB, A I 503, S. 357 f."
6783,1770-04-28,Ob idem.,Fahrende Leute,Grenzkontrolle; Gesellen; Einreiseverbot; Durchzug; Pässe; Paßkontrolle; Nachbarabrede; Begünstigung; Nachbarorte; Ausland,"StAB, A I 503, S. 358-363"
6829,1771-03-07,Ihnen die von lobl. Stand Lucern allhar communicierte Bätteljägi kund thun.,Fahrende Leute,Einreiseverbot; Festnahme; Grenzkontrolle; Landesverweisung,"StAB, A I 504, S. 115 f."
6920,1773-08-21,"Ihnen die Verordnung, auf welchem Fuss die Juden auf den offentlichen Jahrmärkten dess Unteren Ärgeüs Handlung treiben mögen, zusenden.",Juden,Arbeitsbedingungen,"StAB, A I 505, S. 508-514"
6930,1773-10-18,Wegen Hinterhaltung der Menge fremder Strolchen und Bättleren.,Fahrende Leute,Einreiseverbot; Grenzkontrolle; Pässe; Paßkontrolle; Streifen; Überprüfung Fremder; Durchzug,"StAB, A I 505, S. 573-575"
6947,1774-10-11,"Ihnen den zwischen denen beiden Marechausseé Cammeren beyder lobl. Ständen Bern und Lucern erichteten Concordat, zu Hintertreibung des Strolchen und Bättel Gesindels, abschrifftlich zusenden.",Fahrende Leute,Grenzkontrolle; Streifen; Überprüfung Fremder; Pässe; Paßkontrolle; Landesverweisung; Durchzug; Festnahme; Einreiseverbot; Gesellen,"StAB, A I 506, S. 302-309"
6983,1777-12-09,Ihnen die gedrukte Verordnung wegen von der Judenschafft hier im Land eingeschlichenen Missbräuchen zusenden.,Fahrende Leute,Hausierer; Juden,"StAB, A I 507, S. 51-56"
6984,1777-12-09,Ihnen die gedrukte Verordnung wegen von der Judenschafft hier im Land eingeschlichenen Missbräuchen zusenden.,Juden,Aufenthalt; Bedingungen; Einschränkung,"StAB, A I 507, S. 51-56"
7000,1779-02-13,"Ihnen den mit lobl. Stand Lucern auf ein Neues errichteten Concordat, wegen Hinterhaltung des Strolchen und Bättelgesindels kund thun.",Fahrende Leute,Aufsicht; Streifen,"StAB, A I 507, S. 191 f."
7049,1781-05-03,Verordnung betreffend die Einschränkung des Juden Handels in hiesigen Städten und Landen.,Juden,Aufenthalt; Verbot; Bedingungen; Einschränkung,"StAB, A I 507, S. 545-553"
7055,1781-05-23,"Die Execution der vorhandenen Ordnungen, wegen dem Strolchen- und Bättelgesind, auf das Genauste anbefehlen.",Fahrende Leute,Aufsicht,"StAB, A I 507, S. 540-543"
7060,1782-02-19,"Das verdächtige Gesindel und insonderheit Desserteurs, fort und aus dem Land zu weisen.",Fahrende Leute,Aufenthalt; Verbot; Landesverweisung,"StAB, A I 507, S. 599 f."
7146,1785-05-21,Verordnung betreffend das Hausier Wesen und Verbott der fremden Kräzenträger und Kolporteürs.,Juden,Arbeitsbedingungen,"StAB, A I 508, S. 311-317"
7160,1785-10-06,Ansehend die Zurukhaltung des fremden Strolchen Gesinds in dem Obern und Untern Aergäu.,Fahrende Leute,Streifen; Pässe; Paßkontrolle; Landesverweisung; Grenzkontrolle; Einreiseverbot; Beherbergung Fremder; Beherbergungsverbot; Aufsicht,"StAB, A I 508, S. 376-378"
7162,1785-10-06,Ansehend die Zurukhaltung des fremden Strolchen Gesinds in dem Oberen und Untern Aergäu.,Fahrende Leute,Aufenthalt; Verbot; Bedingungen; Einschränkung; Landesverweisung; Paßkontrolle; Pässe; Gesellen,"StAB, A I 508, S. 378 f."
7225,1787-08-06,Verordnung wegen Ertheillung der Pässen.,Fahrende Leute,"Pässe; Paßkontrolle; Grenzkontrolle; Gesellen; Landesverweisung; Legitimation; Differenzierung; Fremde; Einheimische,,,Anordnung für Einhaltung StAB A I 509, S. 619f.: 09.05.1789.,,,)","StAB, A I 509, S. 288-290"
7247,1788-08-15,"Publication und gemeinsamme Verordnung wegen den Juden, dass solche im Mediat Amt Murten nicht tollerirt werden sollen.",Juden,Aufenthalt; Verbot; Bedingungen; Einschränkung,"StAB, A I 509, S. 422-424"
7324,1791-05-04,Gesindel soll nicht mehr auf die neüenburgischen Grenzen geführt werden.,Fahrende Leute,Landesverweisung; Nachbarabrede; Begünstigung; Nachbarorte; Ausland,"StAB, A I 510, S. 467 f."
7362,1793-01-07,Verordnung wegen den kaiserlichen und französischen Deserteürs.,Fahrende Leute,Deserteure,"StAB, A I 511, S. 194 f."
7395,1793-09-23,Strolchen- und Betteljagd [...] verordnet.,Fahrende Leute,Aufenthalt; Verbot; Bedingungen; Einschränkung; Bettelverbot; Differenzierung; Fremde; Einheimische; Einreiseverbot; Festnahme; Grenzkontrolle; Landesverweisung; Legitimation; Streifen; Überprüfung Fremder,"StAB, A I 511, S. 391-419"
7396,1793-09-30,,Fahrende Leute,Überprüfung Fremder; Paßkontrolle; Landesverweisung; Grenzkontrolle; Festnahme; Einreiseverbot; Differenzierung; Fremde; Einheimische; Bettelverbot; Beherbergung Fremder; Beherbergungsverbot; Aufsicht; Aufenthalt; Verbot; Bedingungen; Einschränkung,"StAB, A I 511, S. 420-426"
7453,1794-08-18,"Vorschrift betreffend die Ertheilung und Visirung der Pässen, des fremden Gesindels und Strolchen, bey deren Eintritt in hiesige Lande.",Fahrende Leute,Überprüfung Fremder; Pässe; Paßkontrolle; Einreiseverbot; Landesverweisung; Legitimation,"StAB, A I 512, S. 487 f."
7500,1795-06-25,"Verordnung wegen den französischen Emigrirten, keine neüe anzunemmen, sie von Grenzen zuentfernen, Vorsicht in Ertheilung der Pässen zu halten.",Fahrende Leute,Pässe; Paßkontrolle; Einreiseverbot; Grenzkontrolle,"StAB, A I 513, S. 147 f."
7515,1796-02-17,"Anordnung verschiedener Policeyanstalten, zu Fortschaffung und Abhaltung des verdächtigen unnüzen Gesindels, aus der Waadt.",Fahrende Leute,"Pässe; Paßkontrolle; Durchzug; Streifen; Beherbergung Fremder; Beherbergungsverbot; Grenzkontrolle; Überprüfung Fremder,,,Abänderung S. 438-440: 10.10.1796.,,,)","StAB, A I 513, S. 272-277"
7517,1796-03-10,Zu Abhaltung und Fortschaffung des Strolchengesindels [...],Fahrende Leute,Beherbergung Fremder; Beherbergungsverbot; Durchzug; Pässe; Paßkontrolle; Streifen; Überprüfung Fremder,"StAB, A I 513, S. 279-283"
7537,1796-12-26,"Verordnung ansehend die Ertheilung von Pässen, an die in Frankreich reisende Personen.",Fahrende Leute,Pässe; Paßkontrolle,"StAB, A I 513, S. 456-458"
7543,1797-02-21,Erneüerung und Verschärfung der Verordnung wegen Ertheilung der Pässe.,Fahrende Leute,Pässe; Paßkontrolle; Landesverweisung; Grenzkontrolle; Überprüfung Fremder,"StAB, A I 513, S. 476-479"
